OrderID,CustomerID,OrderDate,ProductType,OrderValue
ORDER00102,CUST0038,01/01/2025,Flyer,11.6
ORDER00139,CUST0025,01/01/2025,Canvas Print,41.44
ORDER00398,CUST0161,01/01/2025,Greeting Card,4.56
ORDER00732,CUST0159,01/01/2025,Business Card,11.92
ORDER00095,CUST0282,01/03/2025,Business Card,10.83
ORDER00513,CUST0092,01/03/2025,Flyer,10.57
ORDER00724,CUST0059,01/03/2025,Poster,15.99
ORDER00159,CUST0156,01/04/2025,Canvas Print,40.28
ORDER00785,CUST0195,01/04/2025,Poster,12.43
ORDER00921,CUST0281,01/05/2025,Photo Book,27.85
ORDER00299,CUST0181,01/06/2025,Business Card,9.63
ORDER00920,CUST0124,01/06/2025,Poster,15
ORDER00459,CUST0177,01/07/2025,Canvas Print,39.28
ORDER00470,CUST0160,01/07/2025,Photo Book,23.32
ORDER00579,CUST0079,01/07/2025,Poster,17.01
ORDER00814,CUST0285,01/07/2025,Poster,15.78
ORDER00628,CUST0046,01/08/2025,Business Card,11.17
ORDER00947,CUST0074,01/08/2025,Business Card,10.82
ORDER00005,CUST0261,01/10/2025,Flyer,11.16
ORDER00765,CUST0298,01/10/2025,Greeting Card,5.87
ORDER00859,CUST0076,01/11/2025,Greeting Card,5
ORDER00603,CUST0147,01/12/2025,Photo Book,20.33
ORDER00282,CUST0087,1/13/2025,Greeting Card,5.05
ORDER00536,CUST0206,1/13/2025,Canvas Print,34.88
ORDER00786,CUST0118,1/13/2025,Business Card,10.59
ORDER00968,CUST0121,1/13/2025,Photo Book,24.62
ORDER00463,CUST0241,1/14/2025,Flyer,11.43
ORDER00571,CUST0204,1/14/2025,Business Card,11.09
ORDER00601,CUST0084,1/14/2025,Photo Book,26.35
ORDER00755,CUST0237,1/16/2025,Greeting Card,4.45
ORDER00856,CUST0026,1/16/2025,Photo Book,27.39
ORDER00888,CUST0129,1/16/2025,Photo Book,25.95
ORDER00664,CUST0092,1/18/2025,Canvas Print,41.45
ORDER00061,CUST0042,1/19/2025,Canvas Print,39.41
ORDER00104,CUST0200,1/19/2025,Business Card,11.14
ORDER00204,CUST0239,1/19/2025,Business Card,10.79
ORDER00806,CUST0156,1/19/2025,Photo Book,21.9
ORDER00711,CUST0147,1/20/2025,Poster,14.69
ORDER00752,CUST0125,1/21/2025,Flyer,11.85
ORDER00932,CUST0157,1/21/2025,Canvas Print,38.54
ORDER00563,CUST0193,1/22/2025,Photo Book,23.55
ORDER00754,CUST0131,1/23/2025,Canvas Print,47.24
ORDER00157,CUST0150,1/24/2025,Canvas Print,47.15
ORDER00466,CUST0062,1/24/2025,Greeting Card,4.77
ORDER00912,CUST0293,1/24/2025,Flyer,11.49
ORDER00012,CUST0101,1/26/2025,Canvas Print,40.4
ORDER00049,CUST0063,1/27/2025,Business Card,11.87
ORDER00454,CUST0005,1/27/2025,Flyer,10.9
ORDER00527,CUST0045,1/28/2025,Business Card,11.05
ORDER00530,CUST0023,1/28/2025,Canvas Print,47.19
ORDER00692,CUST0178,1/28/2025,Flyer,8.6
ORDER00993,CUST0161,1/28/2025,Greeting Card,4.62
ORDER00634,CUST0236,1/29/2025,Poster,14.41
ORDER00057,CUST0198,1/30/2025,Business Card,9.84
ORDER00389,CUST0098,1/30/2025,Canvas Print,32.68
ORDER00436,CUST0011,1/30/2025,Canvas Print,33.37
ORDER00844,CUST0129,1/30/2025,Flyer,11.09
ORDER00529,CUST0031,1/31/2025,Flyer,9.42
ORDER00837,CUST0184,1/31/2025,Greeting Card,4.35
ORDER00472,CUST0269,02/01/2025,Canvas Print,43.82
ORDER00973,CUST0208,02/01/2025,Flyer,9.64
ORDER00343,CUST0172,02/02/2025,Flyer,10.88
ORDER00520,CUST0170,02/02/2025,Greeting Card,5.38
ORDER00764,CUST0087,02/02/2025,Canvas Print,37.01
ORDER00828,CUST0216,02/02/2025,Canvas Print,43.26
ORDER00954,CUST0084,02/02/2025,Photo Book,27.86
ORDER00144,CUST0017,02/03/2025,Business Card,13.24
ORDER00193,CUST0266,02/03/2025,Greeting Card,5.09
ORDER00450,CUST0218,02/03/2025,Poster,16.42
ORDER00494,CUST0090,02/03/2025,Flyer,10.33
ORDER00547,CUST0223,02/03/2025,Business Card,12.76
ORDER00234,CUST0234,02/04/2025,Flyer,10.4
ORDER00321,CUST0036,02/04/2025,Canvas Print,45.47
ORDER00230,CUST0082,02/05/2025,Poster,16.27
ORDER00738,CUST0152,02/05/2025,Poster,12.75
ORDER00793,CUST0276,02/05/2025,Canvas Print,44.56
ORDER00120,CUST0029,02/06/2025,Poster,17.95
ORDER00257,CUST0009,02/06/2025,Canvas Print,37.8
ORDER00272,CUST0075,02/06/2025,Flyer,9.25
ORDER00289,CUST0098,02/06/2025,Greeting Card,5.59
ORDER00336,CUST0042,02/06/2025,Poster,15.29
ORDER00344,CUST0102,02/06/2025,Canvas Print,45.87
ORDER00545,CUST0233,02/06/2025,Flyer,10.11
ORDER00580,CUST0058,02/06/2025,Canvas Print,44.55
ORDER00740,CUST0177,02/06/2025,Greeting Card,5.23
ORDER00013,CUST0273,02/07/2025,Photo Book,20.33
ORDER00478,CUST0105,02/07/2025,Poster,15.29
ORDER00488,CUST0261,02/07/2025,Greeting Card,5.42
ORDER00569,CUST0175,02/07/2025,Poster,17.13
ORDER00126,CUST0101,02/08/2025,Greeting Card,4.8
ORDER00202,CUST0054,02/08/2025,Flyer,10.13
ORDER00411,CUST0039,02/08/2025,Flyer,8.44
ORDER00510,CUST0216,02/08/2025,Canvas Print,40.44
ORDER00934,CUST0156,02/08/2025,Business Card,10.14
ORDER00001,CUST0259,02/10/2025,Canvas Print,45.41
ORDER00008,CUST0013,02/10/2025,Poster,13.51
ORDER00417,CUST0236,02/10/2025,Poster,15.31
ORDER00787,CUST0270,02/10/2025,Canvas Print,38.1
ORDER00284,CUST0027,02/11/2025,Flyer,10.58
ORDER00369,CUST0016,02/11/2025,Greeting Card,5.19
ORDER00532,CUST0158,02/12/2025,Greeting Card,5.24
ORDER00739,CUST0050,02/12/2025,Flyer,11.19
ORDER00066,CUST0231,2/13/2025,Business Card,10.93
ORDER00429,CUST0073,2/13/2025,Business Card,10.2
ORDER00804,CUST0120,2/13/2025,Flyer,11.92
ORDER00004,CUST0010,2/14/2025,Flyer,9.07
ORDER00868,CUST0220,2/14/2025,Canvas Print,39.01
ORDER00166,CUST0189,2/15/2025,Poster,17.08
ORDER00415,CUST0185,2/15/2025,Poster,17.15
ORDER00587,CUST0271,2/16/2025,Photo Book,25.15
ORDER00923,CUST0203,2/16/2025,Flyer,8.8
ORDER00823,CUST0206,2/18/2025,Flyer,10.78
ORDER00897,CUST0224,2/18/2025,Photo Book,25.14
ORDER00925,CUST0271,2/18/2025,Photo Book,24.08
ORDER00927,CUST0141,2/18/2025,Business Card,9.74
ORDER00929,CUST0290,2/18/2025,Photo Book,22.81
ORDER00262,CUST0246,2/19/2025,Business Card,12.49
ORDER00288,CUST0168,2/19/2025,Business Card,12.14
ORDER00779,CUST0163,2/19/2025,Greeting Card,5.21
ORDER00948,CUST0039,2/19/2025,Canvas Print,43.88
ORDER00196,CUST0055,2/20/2025,Business Card,10.33
ORDER00201,CUST0255,2/20/2025,Business Card,11.89
ORDER00203,CUST0249,2/20/2025,Photo Book,21.68
ORDER00206,CUST0067,2/20/2025,Greeting Card,4.71
ORDER00283,CUST0117,2/20/2025,Photo Book,26.33
ORDER00877,CUST0073,2/20/2025,Canvas Print,32.8
ORDER00989,CUST0175,2/20/2025,Poster,15.81
ORDER00362,CUST0268,2/21/2025,Poster,16.33
ORDER00535,CUST0258,2/21/2025,Business Card,12.22
ORDER00531,CUST0160,2/22/2025,Greeting Card,5.92
ORDER00178,CUST0019,2/23/2025,Photo Book,20.99
ORDER00281,CUST0076,2/23/2025,Poster,17.23
ORDER00346,CUST0275,2/23/2025,Greeting Card,5.64
ORDER00440,CUST0199,2/24/2025,Greeting Card,5.56
ORDER00654,CUST0267,2/24/2025,Flyer,9.41
ORDER00452,CUST0259,2/25/2025,Business Card,13.95
ORDER00770,CUST0111,2/25/2025,Photo Book,21.63
ORDER00972,CUST0152,2/25/2025,Flyer,9.84
ORDER00983,CUST0167,2/25/2025,Flyer,10.17
ORDER00722,CUST0150,2/26/2025,Canvas Print,34.27
ORDER00906,CUST0117,2/26/2025,Canvas Print,45.84
ORDER00279,CUST0165,2/27/2025,Poster,17.58
ORDER00433,CUST0061,2/27/2025,Greeting Card,5.36
ORDER00177,CUST0144,2/28/2025,Greeting Card,4.27
ORDER00863,CUST0287,2/28/2025,Business Card,10
ORDER00009,CUST0168,03/01/2025,Canvas Print,35.52
ORDER00446,CUST0063,03/01/2025,Business Card,13.62
ORDER00592,CUST0130,03/01/2025,Business Card,13.89
ORDER00612,CUST0274,03/01/2025,Flyer,11.39
ORDER00689,CUST0041,03/01/2025,Flyer,8.88
ORDER00840,CUST0151,03/01/2025,Business Card,12.54
ORDER00225,CUST0147,03/02/2025,Greeting Card,5.59
ORDER00236,CUST0119,03/03/2025,Greeting Card,4.92
ORDER00428,CUST0193,03/03/2025,Business Card,14.07
ORDER00400,CUST0108,03/04/2025,Poster,16.06
ORDER00214,CUST0078,03/05/2025,Canvas Print,40.72
ORDER00451,CUST0241,03/05/2025,Photo Book,23.3
ORDER00639,CUST0117,03/05/2025,Canvas Print,35.27
ORDER00644,CUST0072,03/05/2025,Greeting Card,5.27
ORDER00819,CUST0245,03/05/2025,Flyer,8.69
ORDER00913,CUST0300,03/05/2025,Flyer,10.55
ORDER00366,CUST0047,03/06/2025,Canvas Print,35.02
ORDER00443,CUST0059,03/06/2025,Photo Book,26.88
ORDER00883,CUST0132,03/06/2025,Poster,17.47
ORDER00171,CUST0215,03/07/2025,Business Card,10.11
ORDER00249,CUST0059,03/07/2025,Greeting Card,4.98
ORDER00305,CUST0296,03/07/2025,Poster,12.63
ORDER00352,CUST0080,03/07/2025,Photo Book,23.03
ORDER00100,CUST0011,03/08/2025,Canvas Print,41.54
ORDER00253,CUST0209,03/08/2025,Flyer,10.25
ORDER00444,CUST0072,03/08/2025,Greeting Card,4.48
ORDER00208,CUST0097,03/09/2025,Photo Book,27.09
ORDER00215,CUST0288,03/09/2025,Business Card,10.39
ORDER00016,CUST0094,03/10/2025,Flyer,11.82
ORDER00042,CUST0295,03/10/2025,Greeting Card,4.01
ORDER00127,CUST0110,03/10/2025,Canvas Print,46.56
ORDER00276,CUST0041,03/10/2025,Flyer,8.88
ORDER00626,CUST0181,03/11/2025,Poster,15.38
ORDER00593,CUST0175,03/12/2025,Business Card,9.6
ORDER00745,CUST0228,03/12/2025,Business Card,12.99
ORDER00807,CUST0207,03/12/2025,Flyer,10.33
ORDER00850,CUST0290,03/12/2025,Canvas Print,46.98
ORDER00981,CUST0100,03/12/2025,Business Card,13.39
ORDER00163,CUST0148,3/13/2025,Canvas Print,44.67
ORDER00655,CUST0214,3/13/2025,Greeting Card,5.65
ORDER00971,CUST0072,3/13/2025,Business Card,11.02
ORDER00044,CUST0014,3/14/2025,Greeting Card,5.21
ORDER00111,CUST0104,3/14/2025,Canvas Print,40.03
ORDER00303,CUST0149,3/14/2025,Flyer,11.54
ORDER00101,CUST0254,3/15/2025,Poster,15.3
ORDER00618,CUST0145,3/15/2025,Greeting Card,5.5
ORDER00693,CUST0084,3/15/2025,Poster,14.28
ORDER00183,CUST0194,3/16/2025,Flyer,9.25
ORDER00957,CUST0173,3/16/2025,Photo Book,22.71
ORDER00809,CUST0251,3/17/2025,Business Card,12.09
ORDER00103,CUST0134,3/18/2025,Greeting Card,4.81
ORDER00998,CUST0143,3/18/2025,Business Card,13.2
ORDER00267,CUST0029,3/19/2025,Poster,12.36
ORDER00990,CUST0049,3/19/2025,Greeting Card,5.16
ORDER00608,CUST0163,3/20/2025,Flyer,11.97
ORDER00641,CUST0064,3/20/2025,Business Card,11.02
ORDER00387,CUST0108,3/21/2025,Flyer,10.7
ORDER00994,CUST0119,3/21/2025,Canvas Print,34.67
ORDER00148,CUST0182,3/22/2025,Business Card,11.38
ORDER00388,CUST0188,3/22/2025,Greeting Card,4.23
ORDER00677,CUST0194,3/22/2025,Flyer,10.56
ORDER00233,CUST0011,3/23/2025,Poster,15.56
ORDER00260,CUST0281,3/23/2025,Flyer,9.82
ORDER00426,CUST0293,3/23/2025,Greeting Card,4.07
ORDER00465,CUST0178,3/23/2025,Poster,12.46
ORDER00578,CUST0134,3/23/2025,Photo Book,26.03
ORDER00584,CUST0004,3/23/2025,Flyer,8.18
ORDER00681,CUST0122,3/23/2025,Flyer,11.58
ORDER00432,CUST0293,3/24/2025,Business Card,9.85
ORDER00622,CUST0027,3/24/2025,Poster,16.08
ORDER00703,CUST0188,3/24/2025,Flyer,11.8
ORDER00753,CUST0268,3/24/2025,Poster,16.29
ORDER00916,CUST0043,3/24/2025,Business Card,12.17
ORDER00599,CUST0092,3/25/2025,Photo Book,25.13
ORDER00725,CUST0131,3/25/2025,Canvas Print,34.52
ORDER00924,CUST0051,3/25/2025,Canvas Print,41.44
ORDER00244,CUST0280,3/26/2025,Greeting Card,5.94
ORDER00273,CUST0146,3/26/2025,Flyer,9.02
ORDER00325,CUST0244,3/26/2025,Poster,16.26
ORDER00431,CUST0187,3/26/2025,Poster,17.85
ORDER00493,CUST0176,3/26/2025,Canvas Print,42.75
ORDER00671,CUST0289,3/26/2025,Flyer,9.75
ORDER00241,CUST0222,3/27/2025,Business Card,12.87
ORDER00245,CUST0081,3/27/2025,Business Card,14.16
ORDER00646,CUST0274,3/27/2025,Canvas Print,36.72
ORDER00663,CUST0086,3/28/2025,Greeting Card,5.06
ORDER00017,CUST0095,3/29/2025,Poster,12.15
ORDER00401,CUST0227,3/29/2025,Canvas Print,47.1
ORDER00944,CUST0090,3/29/2025,Greeting Card,5.85
ORDER00255,CUST0209,3/30/2025,Flyer,10.42
ORDER00365,CUST0026,3/30/2025,Canvas Print,33.64
ORDER00549,CUST0163,3/30/2025,Business Card,12.66
ORDER00583,CUST0285,3/30/2025,Greeting Card,5.61
ORDER00825,CUST0276,3/30/2025,Greeting Card,4.18
ORDER00015,CUST0038,3/31/2025,Business Card,9.91
ORDER00190,CUST0055,3/31/2025,Greeting Card,4.95
ORDER00277,CUST0034,3/31/2025,Flyer,10.94
ORDER00505,CUST0040,3/31/2025,Greeting Card,5.79
ORDER00548,CUST0188,3/31/2025,Canvas Print,33.74
ORDER00955,CUST0263,3/31/2025,Photo Book,26.32
ORDER00290,CUST0268,04/01/2025,Canvas Print,47.85
ORDER00396,CUST0004,04/01/2025,Photo Book,28.76
ORDER00464,CUST0061,04/02/2025,Photo Book,25.75
ORDER00767,CUST0002,04/02/2025,Business Card,14.31
ORDER00891,CUST0143,04/02/2025,Photo Book,28.85
ORDER00367,CUST0288,04/03/2025,Photo Book,27.83
ORDER00836,CUST0223,04/03/2025,Poster,12.01
ORDER00687,CUST0073,04/04/2025,Photo Book,30
ORDER00092,CUST0115,04/05/2025,Greeting Card,5.66
ORDER00310,CUST0295,04/06/2025,Canvas Print,32.39
ORDER00333,CUST0217,04/06/2025,Flyer,8.09
ORDER00430,CUST0140,04/06/2025,Photo Book,27.37
ORDER00153,CUST0161,04/08/2025,Flyer,8.66
ORDER00192,CUST0288,04/08/2025,Greeting Card,5.99
ORDER00219,CUST0223,04/08/2025,Poster,16.9
ORDER00269,CUST0098,04/08/2025,Flyer,10.56
ORDER00503,CUST0186,04/08/2025,Greeting Card,5.45
ORDER00659,CUST0076,04/08/2025,Canvas Print,36.64
ORDER00838,CUST0178,04/08/2025,Canvas Print,33.87
ORDER00024,CUST0296,04/09/2025,Canvas Print,34.64
ORDER00280,CUST0153,04/09/2025,Photo Book,20.31
ORDER00298,CUST0193,04/09/2025,Flyer,8.28
ORDER00349,CUST0017,04/09/2025,Photo Book,25.26
ORDER00072,CUST0196,04/10/2025,Flyer,10.3
ORDER00769,CUST0041,04/10/2025,Poster,13.49
ORDER00105,CUST0023,04/11/2025,Greeting Card,5.5
ORDER00295,CUST0046,04/11/2025,Poster,12.26
ORDER00507,CUST0237,04/11/2025,Canvas Print,37.04
ORDER00594,CUST0084,04/11/2025,Flyer,11.61
ORDER00540,CUST0224,04/12/2025,Photo Book,24.81
ORDER00669,CUST0002,04/12/2025,Photo Book,22.04
ORDER00691,CUST0264,04/12/2025,Poster,15.25
ORDER00185,CUST0114,4/13/2025,Canvas Print,39.81
ORDER00616,CUST0072,4/13/2025,Business Card,9.73
ORDER00750,CUST0186,4/13/2025,Business Card,11.91
ORDER00800,CUST0107,4/14/2025,Business Card,11.76
ORDER00047,CUST0125,4/15/2025,Photo Book,24.7
ORDER00633,CUST0273,4/15/2025,Greeting Card,5.69
ORDER00514,CUST0059,4/16/2025,Business Card,13.49
ORDER00609,CUST0281,4/16/2025,Flyer,9.55
ORDER00297,CUST0130,4/17/2025,Greeting Card,5.27
ORDER00032,CUST0165,4/18/2025,Greeting Card,4.47
ORDER00160,CUST0049,4/18/2025,Business Card,11.42
ORDER00374,CUST0270,4/18/2025,Poster,17.64
ORDER00407,CUST0141,4/18/2025,Greeting Card,5
ORDER00610,CUST0280,4/18/2025,Greeting Card,5.15
ORDER00845,CUST0264,4/18/2025,Greeting Card,5.25
ORDER00149,CUST0152,4/19/2025,Photo Book,20.27
ORDER00121,CUST0296,4/20/2025,Photo Book,28.2
ORDER00189,CUST0264,4/20/2025,Poster,14.25
ORDER00217,CUST0165,4/20/2025,Canvas Print,48
ORDER00331,CUST0017,4/20/2025,Poster,12.91
ORDER00383,CUST0273,4/21/2025,Photo Book,29.43
ORDER00640,CUST0072,4/21/2025,Business Card,10.83
ORDER00658,CUST0041,4/21/2025,Canvas Print,32.73
ORDER00660,CUST0046,4/21/2025,Photo Book,29.31
ORDER00758,CUST0021,4/21/2025,Canvas Print,42.83
ORDER00979,CUST0152,4/21/2025,Greeting Card,5.73
ORDER00360,CUST0025,4/22/2025,Business Card,13.83
ORDER00607,CUST0162,4/22/2025,Flyer,10.49
ORDER00036,CUST0132,4/23/2025,Photo Book,22.72
ORDER00307,CUST0164,4/24/2025,Poster,16.34
ORDER00372,CUST0086,4/24/2025,Business Card,11.84
ORDER00544,CUST0113,4/25/2025,Business Card,14.38
ORDER00568,CUST0192,4/25/2025,Flyer,9.57
ORDER00728,CUST0035,4/25/2025,Photo Book,26.71
ORDER00737,CUST0020,4/25/2025,Photo Book,27.82
ORDER00506,CUST0040,4/26/2025,Greeting Card,5.69
ORDER00696,CUST0007,4/26/2025,Flyer,8.08
ORDER00138,CUST0244,4/27/2025,Poster,17.17
ORDER00509,CUST0262,4/27/2025,Photo Book,29.82
ORDER00195,CUST0087,4/28/2025,Flyer,10.43
ORDER00406,CUST0269,4/28/2025,Flyer,8.42
ORDER00490,CUST0124,4/28/2025,Business Card,12.5
ORDER00880,CUST0159,4/28/2025,Canvas Print,37.7
ORDER00936,CUST0136,4/28/2025,Greeting Card,5.57
ORDER00342,CUST0108,4/29/2025,Greeting Card,4.38
ORDER00588,CUST0285,4/29/2025,Flyer,11.23
ORDER00632,CUST0206,4/30/2025,Poster,17.42
ORDER00554,CUST0222,05/01/2025,Greeting Card,4.44
ORDER00826,CUST0181,05/01/2025,Greeting Card,5.11
ORDER00224,CUST0085,05/02/2025,Poster,13.95
ORDER00810,CUST0130,05/02/2025,Business Card,9.96
ORDER00831,CUST0126,05/02/2025,Flyer,9.8
ORDER00467,CUST0145,05/03/2025,Photo Book,23.68
ORDER00397,CUST0210,05/04/2025,Business Card,10.48
ORDER00590,CUST0075,05/04/2025,Poster,13.47
ORDER00694,CUST0111,05/04/2025,Poster,14.49
ORDER00155,CUST0285,05/05/2025,Canvas Print,32.72
ORDER00205,CUST0229,05/05/2025,Canvas Print,45.42
ORDER00237,CUST0020,05/05/2025,Flyer,8.15
ORDER00566,CUST0210,05/05/2025,Greeting Card,5.91
ORDER00893,CUST0076,05/05/2025,Greeting Card,4.99
ORDER00033,CUST0005,05/06/2025,Photo Book,27.87
ORDER00090,CUST0130,05/06/2025,Flyer,8.01
ORDER00345,CUST0012,05/06/2025,Business Card,11.78
ORDER00006,CUST0138,05/07/2025,Poster,15.44
ORDER00457,CUST0047,05/07/2025,Poster,14.39
ORDER00035,CUST0062,05/08/2025,Poster,13.58
ORDER00080,CUST0228,05/08/2025,Greeting Card,5.46
ORDER00174,CUST0158,05/08/2025,Business Card,10.7
ORDER00399,CUST0016,05/08/2025,Canvas Print,34.07
ORDER00550,CUST0074,05/08/2025,Flyer,9.99
ORDER00651,CUST0217,05/08/2025,Business Card,9.83
ORDER00069,CUST0097,05/09/2025,Greeting Card,5.64
ORDER00347,CUST0101,05/09/2025,Photo Book,25.55
ORDER00652,CUST0289,05/09/2025,Greeting Card,5.45
ORDER00022,CUST0035,05/10/2025,Photo Book,21.38
ORDER00328,CUST0073,05/10/2025,Photo Book,28.63
ORDER00458,CUST0215,05/10/2025,Flyer,11.05
ORDER00542,CUST0046,05/10/2025,Business Card,12.84
ORDER00702,CUST0297,05/10/2025,Poster,14.17
ORDER00788,CUST0080,05/10/2025,Canvas Print,47.71
ORDER00905,CUST0282,05/10/2025,Greeting Card,4.67
ORDER00293,CUST0190,05/12/2025,Canvas Print,33.44
ORDER00613,CUST0271,05/12/2025,Canvas Print,46.44
ORDER00975,CUST0154,05/12/2025,Poster,14.31
ORDER00304,CUST0267,5/13/2025,Poster,16.2
ORDER00833,CUST0285,5/13/2025,Photo Book,25.84
ORDER00835,CUST0039,5/13/2025,Greeting Card,4.5
ORDER00418,CUST0239,5/14/2025,Canvas Print,38.65
ORDER00533,CUST0039,5/14/2025,Business Card,14.06
ORDER00713,CUST0238,5/15/2025,Canvas Print,34.88
ORDER00743,CUST0250,5/15/2025,Business Card,12.28
ORDER00182,CUST0175,5/16/2025,Poster,14.37
ORDER00220,CUST0007,5/16/2025,Photo Book,22.07
ORDER00231,CUST0002,5/16/2025,Greeting Card,5.81
ORDER00946,CUST0108,5/16/2025,Poster,15.32
ORDER00247,CUST0158,5/17/2025,Photo Book,20.94
ORDER00112,CUST0171,5/19/2025,Flyer,8.56
ORDER00235,CUST0195,5/19/2025,Greeting Card,4.71
ORDER00704,CUST0014,5/19/2025,Flyer,10.53
ORDER00073,CUST0086,5/20/2025,Flyer,8.12
ORDER00635,CUST0228,5/20/2025,Greeting Card,5.53
ORDER00751,CUST0246,5/20/2025,Photo Book,21.18
ORDER00908,CUST0154,5/20/2025,Business Card,13.73
ORDER00223,CUST0151,5/21/2025,Flyer,9.2
ORDER00666,CUST0161,5/21/2025,Photo Book,23.62
ORDER00977,CUST0068,5/21/2025,Poster,14.58
ORDER00474,CUST0089,5/22/2025,Business Card,12.68
ORDER00759,CUST0225,5/23/2025,Poster,15.75
ORDER00818,CUST0198,5/23/2025,Poster,15.57
ORDER00060,CUST0179,5/24/2025,Greeting Card,4.57
ORDER00574,CUST0227,5/24/2025,Photo Book,27.81
ORDER00134,CUST0117,5/25/2025,Flyer,11.41
ORDER00782,CUST0164,5/25/2025,Greeting Card,4.17
ORDER00881,CUST0098,5/25/2025,Canvas Print,32.25
ORDER00083,CUST0015,5/26/2025,Greeting Card,4.52
ORDER00275,CUST0042,5/26/2025,Canvas Print,47.54
ORDER00296,CUST0064,5/26/2025,Flyer,9.37
ORDER00705,CUST0012,5/30/2025,Canvas Print,34.08
ORDER00918,CUST0107,5/30/2025,Greeting Card,5.57
ORDER00986,CUST0164,5/30/2025,Photo Book,27.32
ORDER00082,CUST0184,5/31/2025,Greeting Card,5.34
ORDER00665,CUST0148,5/31/2025,Poster,12.37
ORDER00123,CUST0214,06/01/2025,Greeting Card,5.06
ORDER00864,CUST0142,06/01/2025,Photo Book,28.07
ORDER00885,CUST0019,06/01/2025,Poster,14.55
ORDER00010,CUST0130,06/02/2025,Photo Book,24.88
ORDER00078,CUST0294,06/02/2025,Business Card,10.39
ORDER00393,CUST0183,06/02/2025,Canvas Print,42.81
ORDER00525,CUST0133,06/02/2025,Greeting Card,4.09
ORDER00595,CUST0022,06/02/2025,Business Card,10.34
ORDER00118,CUST0287,06/03/2025,Poster,15.18
ORDER00889,CUST0089,06/03/2025,Business Card,11.39
ORDER00088,CUST0047,06/04/2025,Photo Book,27.21
ORDER00537,CUST0077,06/04/2025,Photo Book,24.59
ORDER00557,CUST0196,06/04/2025,Poster,13.06
ORDER00564,CUST0022,06/04/2025,Photo Book,26.98
ORDER00624,CUST0050,06/04/2025,Greeting Card,4.86
ORDER00733,CUST0024,06/04/2025,Greeting Card,5.01
ORDER00070,CUST0289,06/05/2025,Canvas Print,40.51
ORDER00130,CUST0055,06/05/2025,Business Card,11.84
ORDER00218,CUST0182,06/05/2025,Flyer,8.6
ORDER00475,CUST0068,06/05/2025,Photo Book,25.71
ORDER00857,CUST0136,06/05/2025,Canvas Print,35.43
ORDER00209,CUST0092,06/07/2025,Flyer,8.71
ORDER00332,CUST0129,06/07/2025,Flyer,9.06
ORDER00469,CUST0003,06/07/2025,Canvas Print,38.97
ORDER00643,CUST0209,06/07/2025,Photo Book,20.33
ORDER00698,CUST0208,06/07/2025,Canvas Print,40.28
ORDER00706,CUST0087,06/07/2025,Greeting Card,5.12
ORDER00967,CUST0010,06/07/2025,Greeting Card,4.69
ORDER00596,CUST0027,06/08/2025,Poster,17.94
ORDER00145,CUST0128,06/09/2025,Canvas Print,33.58
ORDER00481,CUST0137,06/09/2025,Greeting Card,5.09
ORDER00776,CUST0145,06/09/2025,Photo Book,29.35
ORDER00355,CUST0149,06/10/2025,Flyer,8.48
ORDER00491,CUST0038,06/10/2025,Business Card,11.87
ORDER00575,CUST0007,06/10/2025,Business Card,14.21
ORDER00591,CUST0288,06/10/2025,Business Card,11.53
ORDER00964,CUST0026,06/10/2025,Photo Book,25.22
ORDER00212,CUST0096,06/11/2025,Canvas Print,35.76
ORDER00551,CUST0233,06/11/2025,Greeting Card,4.81
ORDER00684,CUST0123,06/11/2025,Flyer,9.09
ORDER00726,CUST0202,06/11/2025,Canvas Print,33.9
ORDER00175,CUST0285,06/12/2025,Business Card,14.29
ORDER00186,CUST0222,06/12/2025,Flyer,8.52
ORDER00213,CUST0088,06/12/2025,Poster,16.98
ORDER00987,CUST0242,06/12/2025,Business Card,13.83
ORDER00318,CUST0069,6/13/2025,Flyer,11.48
ORDER00790,CUST0266,6/13/2025,Greeting Card,5.47
ORDER00939,CUST0158,6/13/2025,Photo Book,27.21
ORDER00125,CUST0257,6/14/2025,Canvas Print,33.35
ORDER00287,CUST0219,6/14/2025,Canvas Print,43.73
ORDER00543,CUST0155,6/14/2025,Photo Book,21.37
ORDER00670,CUST0225,6/14/2025,Greeting Card,4.02
ORDER00903,CUST0003,6/14/2025,Poster,13.24
ORDER00701,CUST0127,6/15/2025,Poster,14.89
ORDER00926,CUST0277,6/15/2025,Poster,14.82
ORDER00439,CUST0153,6/16/2025,Flyer,11.29
ORDER00668,CUST0242,6/16/2025,Canvas Print,35.21
ORDER00783,CUST0287,6/16/2025,Flyer,9.33
ORDER00942,CUST0077,6/16/2025,Business Card,13.47
ORDER00962,CUST0214,6/16/2025,Business Card,13.58
ORDER00312,CUST0227,6/17/2025,Flyer,10.2
ORDER00605,CUST0058,6/17/2025,Canvas Print,39.11
ORDER00108,CUST0104,6/18/2025,Business Card,12.7
ORDER00141,CUST0075,6/18/2025,Canvas Print,38.15
ORDER00146,CUST0251,6/18/2025,Business Card,13.87
ORDER00173,CUST0032,6/18/2025,Business Card,14.27
ORDER00911,CUST0133,6/18/2025,Poster,14.47
ORDER00179,CUST0018,6/20/2025,Photo Book,22.09
ORDER00194,CUST0162,6/20/2025,Greeting Card,4.18
ORDER00271,CUST0293,6/20/2025,Canvas Print,35.85
ORDER00337,CUST0025,6/20/2025,Flyer,8.88
ORDER00570,CUST0285,6/20/2025,Poster,16.64
ORDER00674,CUST0116,6/20/2025,Greeting Card,4.38
ORDER00851,CUST0193,6/20/2025,Business Card,12.2
ORDER00922,CUST0292,6/20/2025,Greeting Card,5.2
ORDER00188,CUST0132,6/21/2025,Greeting Card,4.74
ORDER00597,CUST0195,6/22/2025,Photo Book,29.55
ORDER00820,CUST0059,6/22/2025,Flyer,11.7
ORDER00028,CUST0270,6/23/2025,Business Card,13.39
ORDER00775,CUST0231,6/23/2025,Photo Book,24.12
ORDER00931,CUST0027,6/23/2025,Photo Book,20.11
ORDER00084,CUST0157,6/24/2025,Photo Book,26.75
ORDER00147,CUST0179,6/24/2025,Business Card,9.66
ORDER00455,CUST0261,6/24/2025,Business Card,13.81
ORDER00309,CUST0187,6/25/2025,Poster,16.12
ORDER00473,CUST0120,6/25/2025,Flyer,8.89
ORDER00898,CUST0291,6/25/2025,Greeting Card,4.51
ORDER00448,CUST0107,6/26/2025,Flyer,11.8
ORDER00600,CUST0021,6/26/2025,Flyer,9.93
ORDER00727,CUST0243,6/26/2025,Canvas Print,44.24
ORDER00865,CUST0053,6/26/2025,Greeting Card,5.72
ORDER00900,CUST0267,6/26/2025,Poster,13.75
ORDER00232,CUST0197,6/27/2025,Greeting Card,4.26
ORDER00707,CUST0012,6/27/2025,Canvas Print,44.49
ORDER00822,CUST0179,6/27/2025,Business Card,11.67
ORDER00142,CUST0294,6/28/2025,Flyer,9.8
ORDER00052,CUST0145,6/29/2025,Business Card,11.75
ORDER00523,CUST0188,6/29/2025,Greeting Card,4.99
ORDER00642,CUST0205,6/29/2025,Greeting Card,5.19
ORDER00718,CUST0288,6/29/2025,Poster,17.1
ORDER00156,CUST0063,6/30/2025,Photo Book,27.62
ORDER00959,CUST0141,6/30/2025,Greeting Card,4.64
ORDER00040,CUST0089,07/01/2025,Flyer,9.63
ORDER00371,CUST0282,07/03/2025,Greeting Card,5.17
ORDER00486,CUST0040,07/03/2025,Canvas Print,34.44
ORDER00221,CUST0263,07/04/2025,Poster,16.69
ORDER00375,CUST0117,07/04/2025,Poster,12.5
ORDER00462,CUST0020,07/04/2025,Greeting Card,4.26
ORDER00501,CUST0224,07/04/2025,Flyer,11.11
ORDER00803,CUST0165,07/04/2025,Poster,15.29
ORDER00958,CUST0047,07/04/2025,Poster,13.39
ORDER00539,CUST0295,07/06/2025,Greeting Card,5.73
ORDER00799,CUST0121,07/06/2025,Photo Book,20.11
ORDER00824,CUST0012,07/06/2025,Canvas Print,39.33
ORDER00861,CUST0001,07/06/2025,Flyer,9.31
ORDER00484,CUST0170,07/07/2025,Canvas Print,36.66
ORDER00492,CUST0251,07/07/2025,Poster,12.36
ORDER00768,CUST0293,07/07/2025,Greeting Card,5.26
ORDER00719,CUST0300,07/08/2025,Canvas Print,37.51
ORDER00777,CUST0028,07/08/2025,Greeting Card,4.86
ORDER00079,CUST0159,07/09/2025,Poster,14.34
ORDER00089,CUST0173,07/09/2025,Business Card,13.74
ORDER00242,CUST0226,07/09/2025,Canvas Print,39.47
ORDER00259,CUST0237,07/09/2025,Photo Book,28.94
ORDER00629,CUST0015,07/09/2025,Greeting Card,5.68
ORDER00667,CUST0202,07/09/2025,Business Card,13.07
ORDER00789,CUST0093,07/09/2025,Greeting Card,5.57
ORDER00027,CUST0229,07/10/2025,Flyer,9.78
ORDER00348,CUST0044,07/10/2025,Greeting Card,5.27
ORDER00522,CUST0155,07/10/2025,Flyer,11.72
ORDER00604,CUST0257,07/10/2025,Business Card,9.88
ORDER00710,CUST0122,07/10/2025,Business Card,14.27
ORDER00879,CUST0077,07/10/2025,Photo Book,20.3
ORDER00266,CUST0154,07/11/2025,Flyer,11.98
ORDER00286,CUST0134,07/11/2025,Flyer,9.33
ORDER00480,CUST0029,07/11/2025,Poster,16.05
ORDER00131,CUST0149,07/12/2025,Photo Book,28.17
ORDER00226,CUST0112,07/12/2025,Business Card,11.81
ORDER00780,CUST0229,07/12/2025,Greeting Card,4.49
ORDER00350,CUST0057,7/13/2025,Photo Book,24.63
ORDER00712,CUST0055,7/13/2025,Poster,12.95
ORDER00128,CUST0182,7/14/2025,Business Card,13.48
ORDER00495,CUST0037,7/14/2025,Poster,17.94
ORDER00875,CUST0176,7/14/2025,Photo Book,26.54
ORDER00019,CUST0236,7/15/2025,Photo Book,20.82
ORDER00502,CUST0115,7/15/2025,Canvas Print,35.28
ORDER00180,CUST0257,7/16/2025,Poster,17.55
ORDER00240,CUST0256,7/16/2025,Greeting Card,4.12
ORDER00680,CUST0174,7/16/2025,Canvas Print,41.75
ORDER00747,CUST0262,7/16/2025,Business Card,12.2
ORDER00771,CUST0014,7/16/2025,Canvas Print,34.99
ORDER00067,CUST0157,7/17/2025,Greeting Card,5.63
ORDER00760,CUST0282,7/17/2025,Business Card,11.12
ORDER00107,CUST0141,7/18/2025,Flyer,10.58
ORDER00419,CUST0266,7/19/2025,Flyer,10.88
ORDER00816,CUST0119,7/19/2025,Photo Book,26.9
ORDER00258,CUST0040,7/20/2025,Business Card,13.08
ORDER00058,CUST0134,7/21/2025,Business Card,13.6
ORDER00315,CUST0111,7/21/2025,Canvas Print,43.16
ORDER00386,CUST0152,7/21/2025,Flyer,11.75
ORDER00412,CUST0029,7/21/2025,Photo Book,26.34
ORDER00528,CUST0249,7/21/2025,Photo Book,27.61
ORDER00930,CUST0052,7/21/2025,Photo Book,27.13
ORDER00053,CUST0225,7/22/2025,Greeting Card,4.95
ORDER00572,CUST0164,7/22/2025,Greeting Card,4.46
ORDER00254,CUST0115,7/24/2025,Business Card,11.72
ORDER00729,CUST0093,7/24/2025,Flyer,9.74
ORDER00114,CUST0293,7/25/2025,Poster,12.93
ORDER00199,CUST0008,7/25/2025,Flyer,11.09
ORDER00511,CUST0147,7/25/2025,Flyer,11.63
ORDER00553,CUST0060,7/25/2025,Flyer,10.09
ORDER00773,CUST0084,7/25/2025,Photo Book,23.91
ORDER00427,CUST0153,7/26/2025,Photo Book,23.95
ORDER00074,CUST0010,7/27/2025,Flyer,10.7
ORDER00003,CUST0178,7/28/2025,Business Card,11.66
ORDER00034,CUST0078,7/28/2025,Poster,17.82
ORDER00077,CUST0118,7/28/2025,Business Card,14.06
ORDER00409,CUST0096,7/28/2025,Business Card,13.76
ORDER00456,CUST0054,7/29/2025,Greeting Card,4.08
ORDER00685,CUST0009,7/29/2025,Poster,12.75
ORDER00368,CUST0266,7/30/2025,Poster,16.29
ORDER00561,CUST0017,7/30/2025,Photo Book,28.29
ORDER00812,CUST0020,7/30/2025,Business Card,12.08
ORDER00910,CUST0012,7/30/2025,Photo Book,27.87
ORDER00048,CUST0023,7/31/2025,Flyer,9.8
ORDER00901,CUST0110,7/31/2025,Greeting Card,5.54
ORDER00435,CUST0295,08/01/2025,Flyer,10.32
ORDER00630,CUST0153,08/01/2025,Greeting Card,4.29
ORDER00985,CUST0146,08/01/2025,Poster,14.49
ORDER00023,CUST0001,08/03/2025,Greeting Card,4.68
ORDER00301,CUST0282,08/03/2025,Flyer,11.29
ORDER00319,CUST0289,08/03/2025,Greeting Card,5.36
ORDER00538,CUST0012,08/03/2025,Greeting Card,5.12
ORDER00842,CUST0234,08/03/2025,Flyer,11.76
ORDER00945,CUST0263,08/03/2025,Poster,14.66
ORDER00460,CUST0009,08/04/2025,Canvas Print,36.28
ORDER00442,CUST0260,08/05/2025,Canvas Print,33.6
ORDER00556,CUST0278,08/05/2025,Poster,17.52
ORDER00087,CUST0157,08/06/2025,Greeting Card,5.91
ORDER00228,CUST0285,08/06/2025,Photo Book,21.48
ORDER00339,CUST0291,08/06/2025,Photo Book,22.15
ORDER00361,CUST0089,08/06/2025,Greeting Card,5.65
ORDER00499,CUST0114,08/06/2025,Business Card,12.69
ORDER00354,CUST0264,08/07/2025,Canvas Print,41.01
ORDER00832,CUST0217,08/07/2025,Poster,16.03
ORDER00731,CUST0213,08/08/2025,Greeting Card,4.62
ORDER00860,CUST0289,08/08/2025,Poster,16.46
ORDER00937,CUST0144,08/08/2025,Flyer,11.77
ORDER00133,CUST0202,08/09/2025,Greeting Card,4.77
ORDER00176,CUST0286,08/09/2025,Flyer,10.13
ORDER00316,CUST0152,08/09/2025,Canvas Print,32.1
ORDER00611,CUST0012,08/09/2025,Poster,14.49
ORDER00736,CUST0220,08/09/2025,Photo Book,20.16
ORDER00158,CUST0154,08/10/2025,Photo Book,23.4
ORDER00164,CUST0118,08/10/2025,Poster,15.58
ORDER00322,CUST0239,08/10/2025,Photo Book,22.42
ORDER00573,CUST0251,08/10/2025,Greeting Card,4.92
ORDER00468,CUST0216,08/11/2025,Canvas Print,34.91
ORDER00518,CUST0045,08/11/2025,Business Card,12.19
ORDER00808,CUST0108,08/11/2025,Greeting Card,4.41
ORDER00169,CUST0224,08/12/2025,Poster,15.48
ORDER00320,CUST0250,08/12/2025,Photo Book,21.13
ORDER00560,CUST0192,08/12/2025,Poster,12.09
ORDER00717,CUST0183,08/12/2025,Canvas Print,34
ORDER00795,CUST0171,08/12/2025,Flyer,11.96
ORDER00363,CUST0143,8/14/2025,Poster,13.63
ORDER00392,CUST0171,8/14/2025,Poster,17.07
ORDER00761,CUST0008,8/14/2025,Photo Book,28.16
ORDER00106,CUST0218,8/15/2025,Canvas Print,38.6
ORDER00300,CUST0292,8/15/2025,Canvas Print,46.99
ORDER00479,CUST0123,8/15/2025,Flyer,11.52
ORDER00723,CUST0037,8/15/2025,Business Card,10.62
ORDER00943,CUST0132,8/15/2025,Photo Book,20.08
ORDER00449,CUST0226,8/16/2025,Flyer,8.13
ORDER00489,CUST0226,8/16/2025,Poster,17.62
ORDER00627,CUST0024,8/18/2025,Business Card,11.65
ORDER00874,CUST0089,8/18/2025,Flyer,8.82
ORDER00119,CUST0051,8/19/2025,Poster,16.97
ORDER00997,CUST0293,8/19/2025,Business Card,11.21
ORDER00021,CUST0076,8/20/2025,Business Card,11.83
ORDER00227,CUST0036,8/20/2025,Business Card,13.11
ORDER00791,CUST0257,8/20/2025,Business Card,10.16
ORDER00902,CUST0265,8/20/2025,Greeting Card,4.85
ORDER00200,CUST0247,8/21/2025,Greeting Card,5.96
ORDER00081,CUST0216,8/22/2025,Poster,17.29
ORDER00256,CUST0014,8/24/2025,Business Card,14.01
ORDER00370,CUST0199,8/25/2025,Business Card,13.9
ORDER00914,CUST0228,8/26/2025,Business Card,13.6
ORDER00980,CUST0019,8/26/2025,Poster,15.19
ORDER00094,CUST0292,8/27/2025,Poster,17.23
ORDER00625,CUST0199,8/27/2025,Business Card,13.05
ORDER00858,CUST0232,8/27/2025,Greeting Card,5.33
ORDER00341,CUST0229,8/28/2025,Flyer,11.04
ORDER00521,CUST0191,8/28/2025,Poster,16.14
ORDER00662,CUST0080,8/29/2025,Flyer,10.19
ORDER00714,CUST0173,8/29/2025,Business Card,10.07
ORDER00781,CUST0261,8/29/2025,Poster,14.14
ORDER00882,CUST0102,8/29/2025,Photo Book,20.77
ORDER00076,CUST0123,8/30/2025,Canvas Print,39.21
ORDER00265,CUST0004,8/30/2025,Canvas Print,39.62
ORDER00274,CUST0128,8/30/2025,Flyer,8.12
ORDER00302,CUST0029,8/30/2025,Canvas Print,44.95
ORDER00324,CUST0227,8/30/2025,Poster,12.87
ORDER00405,CUST0247,8/31/2025,Greeting Card,6
ORDER00675,CUST0154,8/31/2025,Business Card,11.09
ORDER00378,CUST0176,09/01/2025,Canvas Print,34.08
ORDER00772,CUST0231,09/01/2025,Photo Book,20.2
ORDER00792,CUST0133,09/01/2025,Greeting Card,5.56
ORDER00043,CUST0104,09/02/2025,Canvas Print,32.64
ORDER00187,CUST0166,09/02/2025,Canvas Print,45.37
ORDER00248,CUST0120,09/03/2025,Photo Book,27.55
ORDER00425,CUST0146,09/03/2025,Business Card,13.22
ORDER00798,CUST0284,09/03/2025,Canvas Print,46.64
ORDER00018,CUST0069,09/04/2025,Poster,16.17
ORDER00068,CUST0038,09/05/2025,Business Card,10.97
ORDER00294,CUST0122,09/05/2025,Photo Book,20.02
ORDER00424,CUST0158,09/06/2025,Business Card,13.42
ORDER00741,CUST0096,09/06/2025,Canvas Print,45.49
ORDER00956,CUST0172,09/06/2025,Canvas Print,37.98
ORDER00653,CUST0102,09/07/2025,Poster,16.64
ORDER00716,CUST0119,09/07/2025,Business Card,10.19
ORDER00894,CUST0199,09/07/2025,Flyer,9.13
ORDER00381,CUST0223,09/08/2025,Greeting Card,5.14
ORDER00778,CUST0066,09/08/2025,Canvas Print,46.05
ORDER00025,CUST0060,09/09/2025,Business Card,10.42
ORDER00402,CUST0170,09/09/2025,Business Card,10.89
ORDER00534,CUST0082,09/09/2025,Canvas Print,44.17
ORDER00191,CUST0131,09/10/2025,Flyer,9.78
ORDER00735,CUST0004,09/10/2025,Canvas Print,46.51
ORDER00940,CUST0146,09/10/2025,Photo Book,28.26
ORDER00050,CUST0143,09/11/2025,Canvas Print,41.96
ORDER00380,CUST0082,09/11/2025,Flyer,11.47
ORDER00695,CUST0251,09/11/2025,Canvas Print,44.06
ORDER00323,CUST0148,09/12/2025,Business Card,11.9
ORDER00647,CUST0095,09/12/2025,Business Card,13.82
ORDER00661,CUST0160,09/12/2025,Poster,14.35
ORDER00846,CUST0157,09/12/2025,Flyer,9.49
ORDER00184,CUST0113,9/13/2025,Flyer,8.59
ORDER00197,CUST0288,9/13/2025,Greeting Card,4.06
ORDER00441,CUST0052,9/13/2025,Photo Book,25.44
ORDER00952,CUST0298,9/13/2025,Photo Book,22.16
ORDER00434,CUST0198,9/14/2025,Flyer,9.87
ORDER00869,CUST0192,9/14/2025,Flyer,11.99
ORDER00041,CUST0296,9/15/2025,Poster,17.35
ORDER00938,CUST0106,9/15/2025,Business Card,13.18
ORDER00995,CUST0149,9/15/2025,Poster,13.46
ORDER00385,CUST0159,9/16/2025,Business Card,11.41
ORDER00620,CUST0008,9/16/2025,Canvas Print,47.3
ORDER00391,CUST0293,9/17/2025,Canvas Print,46.88
ORDER00966,CUST0271,9/17/2025,Poster,17.31
ORDER00351,CUST0012,9/18/2025,Greeting Card,4.47
ORDER00358,CUST0198,9/18/2025,Business Card,11.53
ORDER00512,CUST0168,9/18/2025,Business Card,10.39
ORDER00222,CUST0161,9/19/2025,Photo Book,27.35
ORDER00984,CUST0202,9/19/2025,Photo Book,23.45
ORDER00229,CUST0188,9/20/2025,Greeting Card,5.71
ORDER00487,CUST0025,9/20/2025,Business Card,13.92
ORDER00496,CUST0176,9/20/2025,Greeting Card,4.48
ORDER00238,CUST0261,9/21/2025,Greeting Card,5.49
ORDER00408,CUST0274,9/21/2025,Photo Book,23.85
ORDER00848,CUST0086,9/21/2025,Greeting Card,5.25
ORDER00982,CUST0060,9/21/2025,Photo Book,22.97
ORDER00097,CUST0283,9/22/2025,Greeting Card,5.6
ORDER00154,CUST0177,9/22/2025,Photo Book,26.46
ORDER00623,CUST0174,9/22/2025,Poster,13.35
ORDER00113,CUST0133,9/23/2025,Canvas Print,33.85
ORDER00046,CUST0179,9/24/2025,Greeting Card,4.48
ORDER00515,CUST0059,9/25/2025,Flyer,11.79
ORDER00683,CUST0106,9/25/2025,Canvas Print,36.05
ORDER00811,CUST0293,9/25/2025,Business Card,12.51
ORDER00011,CUST0084,9/26/2025,Flyer,10.95
ORDER00170,CUST0141,9/26/2025,Greeting Card,5.12
ORDER00598,CUST0236,9/26/2025,Flyer,9.98
ORDER00951,CUST0241,9/26/2025,Poster,16.97
ORDER01000,CUST0011,9/28/2025,Flyer,11.94
ORDER00796,CUST0001,9/30/2025,Photo Book,23.25
ORDER00801,CUST0175,9/30/2025,Poster,17.86
ORDER00970,CUST0170,9/30/2025,Business Card,9.66
ORDER00976,CUST0293,9/30/2025,Business Card,11.95
ORDER00500,CUST0040,10/01/2025,Photo Book,25.61
ORDER00827,CUST0242,10/01/2025,Business Card,12.68
ORDER00526,CUST0235,10/02/2025,Flyer,9.66
ORDER00872,CUST0161,10/02/2025,Business Card,12.82
ORDER00085,CUST0136,10/03/2025,Business Card,11.02
ORDER00251,CUST0128,10/03/2025,Business Card,11.96
ORDER00292,CUST0173,10/03/2025,Greeting Card,5.99
ORDER00794,CUST0264,10/03/2025,Photo Book,26.01
ORDER00577,CUST0033,10/04/2025,Greeting Card,5.71
ORDER00617,CUST0060,10/04/2025,Canvas Print,45.44
ORDER00056,CUST0039,10/05/2025,Photo Book,28.54
ORDER00168,CUST0257,10/05/2025,Business Card,13.64
ORDER00285,CUST0287,10/05/2025,Greeting Card,5.64
ORDER00504,CUST0056,10/05/2025,Flyer,10.48
ORDER00813,CUST0282,10/05/2025,Photo Book,27.4
ORDER00476,CUST0098,10/06/2025,Photo Book,25.68
ORDER00730,CUST0207,10/06/2025,Business Card,12.24
ORDER00784,CUST0010,10/06/2025,Flyer,10.71
ORDER00364,CUST0059,10/07/2025,Poster,14.41
ORDER00394,CUST0039,10/07/2025,Poster,12.83
ORDER00404,CUST0251,10/07/2025,Business Card,12.64
ORDER00565,CUST0120,10/07/2025,Poster,14.37
ORDER00621,CUST0079,10/07/2025,Photo Book,21.48
ORDER00734,CUST0293,10/07/2025,Photo Book,23.87
ORDER00211,CUST0291,10/08/2025,Canvas Print,42.84
ORDER00020,CUST0137,10/09/2025,Greeting Card,5.82
ORDER00099,CUST0148,10/09/2025,Business Card,10.04
ORDER00029,CUST0286,10/10/2025,Greeting Card,5.28
ORDER00096,CUST0299,10/10/2025,Flyer,10.66
ORDER00054,CUST0104,10/11/2025,Flyer,10.36
ORDER00136,CUST0291,10/11/2025,Canvas Print,33.24
ORDER00243,CUST0053,10/11/2025,Flyer,8.14
ORDER00261,CUST0201,10/11/2025,Business Card,11.73
ORDER00438,CUST0226,10/11/2025,Flyer,10.67
ORDER00636,CUST0009,10/11/2025,Flyer,11.29
ORDER00853,CUST0218,10/11/2025,Greeting Card,4.44
ORDER00797,CUST0064,10/12/2025,Photo Book,29.41
ORDER00172,CUST0211,10/13/2025,Poster,13
ORDER00650,CUST0011,10/13/2025,Flyer,11.31
ORDER00690,CUST0204,10/13/2025,Greeting Card,5.52
ORDER00763,CUST0240,10/13/2025,Poster,12.43
ORDER00002,CUST0161,10/14/2025,Poster,13.71
ORDER00239,CUST0293,10/14/2025,Greeting Card,5.1
ORDER00291,CUST0237,10/14/2025,Greeting Card,4.4
ORDER00340,CUST0131,10/14/2025,Poster,14.5
ORDER00461,CUST0099,10/14/2025,Poster,13.32
ORDER00421,CUST0177,10/15/2025,Business Card,13.77
ORDER00867,CUST0090,10/15/2025,Business Card,12.06
ORDER00950,CUST0071,10/15/2025,Business Card,13.79
ORDER00953,CUST0036,10/15/2025,Business Card,13.48
ORDER00075,CUST0005,10/16/2025,Poster,12.27
ORDER00744,CUST0117,10/16/2025,Greeting Card,5
ORDER00140,CUST0090,10/17/2025,Business Card,10.69
ORDER00246,CUST0202,10/17/2025,Flyer,10.05
ORDER00834,CUST0185,10/17/2025,Poster,15.15
ORDER00390,CUST0131,10/19/2025,Photo Book,25.65
ORDER00377,CUST0137,10/20/2025,Business Card,13.57
ORDER00423,CUST0142,10/20/2025,Business Card,12.71
ORDER00558,CUST0242,10/20/2025,Canvas Print,35.42
ORDER00878,CUST0245,10/20/2025,Poster,17.47
ORDER00999,CUST0160,10/21/2025,Poster,15.43
ORDER00482,CUST0195,10/22/2025,Greeting Card,5.66
ORDER00541,CUST0013,10/22/2025,Poster,17.39
ORDER00699,CUST0022,10/22/2025,Poster,13.61
ORDER00686,CUST0262,10/23/2025,Photo Book,23.37
ORDER00746,CUST0066,10/23/2025,Flyer,10.14
ORDER00132,CUST0137,10/24/2025,Business Card,9.92
ORDER00181,CUST0078,10/24/2025,Business Card,11.59
ORDER00014,CUST0265,10/25/2025,Canvas Print,45.9
ORDER00063,CUST0111,10/25/2025,Poster,13.31
ORDER00122,CUST0297,10/25/2025,Photo Book,26.95
ORDER00252,CUST0224,10/25/2025,Flyer,10.09
ORDER00359,CUST0200,10/25/2025,Canvas Print,34.54
ORDER00830,CUST0299,10/25/2025,Photo Book,25.64
ORDER00559,CUST0219,10/26/2025,Greeting Card,4.03
ORDER00648,CUST0166,10/26/2025,Canvas Print,39.36
ORDER00899,CUST0102,10/28/2025,Business Card,14.34
ORDER00038,CUST0237,10/29/2025,Poster,17.9
ORDER00631,CUST0222,10/29/2025,Greeting Card,4.86
ORDER00313,CUST0098,10/30/2025,Poster,15.79
ORDER00420,CUST0065,10/30/2025,Flyer,9.48
ORDER00619,CUST0093,10/30/2025,Business Card,10.7
ORDER00720,CUST0082,10/30/2025,Flyer,8.12
ORDER00890,CUST0213,10/30/2025,Photo Book,23.33
ORDER00941,CUST0002,10/30/2025,Business Card,11.74
ORDER00064,CUST0157,11/01/2025,Photo Book,23.97
ORDER00207,CUST0051,11/01/2025,Photo Book,28.27
ORDER00264,CUST0235,11/01/2025,Canvas Print,44.91
ORDER00896,CUST0093,11/02/2025,Canvas Print,38.36
ORDER00326,CUST0201,11/03/2025,Greeting Card,5.33
ORDER00497,CUST0284,11/03/2025,Photo Book,25.31
ORDER00949,CUST0159,11/03/2025,Business Card,9.97
ORDER00969,CUST0125,11/03/2025,Greeting Card,4.83
ORDER00129,CUST0001,11/04/2025,Photo Book,22.16
ORDER00416,CUST0272,11/04/2025,Greeting Card,4.37
ORDER00614,CUST0208,11/04/2025,Flyer,11.51
ORDER00721,CUST0211,11/04/2025,Flyer,8.21
ORDER00843,CUST0008,11/04/2025,Photo Book,20.07
ORDER00335,CUST0104,11/05/2025,Photo Book,28.42
ORDER00742,CUST0105,11/05/2025,Greeting Card,4.2
ORDER00935,CUST0291,11/05/2025,Business Card,12.08
ORDER00965,CUST0009,11/05/2025,Greeting Card,5.59
ORDER00606,CUST0015,11/06/2025,Photo Book,22.76
ORDER00895,CUST0143,11/06/2025,Canvas Print,44.59
ORDER00688,CUST0223,11/07/2025,Poster,14.43
ORDER00829,CUST0251,11/07/2025,Photo Book,23.73
ORDER00876,CUST0269,11/07/2025,Greeting Card,5.64
ORDER00098,CUST0069,11/08/2025,Business Card,12.78
ORDER00270,CUST0215,11/08/2025,Canvas Print,36.77
ORDER00602,CUST0262,11/08/2025,Canvas Print,33.45
ORDER00485,CUST0009,11/09/2025,Canvas Print,35.31
ORDER00715,CUST0221,11/09/2025,Business Card,13.46
ORDER00519,CUST0181,11/11/2025,Greeting Card,4.12
ORDER00682,CUST0143,11/11/2025,Photo Book,28.18
ORDER00852,CUST0119,11/11/2025,Photo Book,29.4
ORDER00152,CUST0198,11/12/2025,Poster,15.07
ORDER00379,CUST0215,11/12/2025,Canvas Print,41.04
ORDER00555,CUST0037,11/12/2025,Business Card,11.8
ORDER00917,CUST0021,11/12/2025,Greeting Card,4.29
ORDER00051,CUST0153,11/13/2025,Photo Book,24.7
ORDER00676,CUST0103,11/13/2025,Poster,16.39
ORDER00886,CUST0082,11/13/2025,Flyer,8.86
ORDER00892,CUST0065,11/13/2025,Poster,14.3
ORDER00093,CUST0243,11/14/2025,Poster,12.24
ORDER00135,CUST0154,11/14/2025,Greeting Card,4.81
ORDER00904,CUST0085,11/14/2025,Photo Book,28
ORDER00498,CUST0081,11/15/2025,Photo Book,26.51
ORDER00330,CUST0296,11/16/2025,Greeting Card,4.59
ORDER00353,CUST0216,11/17/2025,Photo Book,22.9
ORDER00567,CUST0270,11/18/2025,Business Card,14.24
ORDER00637,CUST0166,11/18/2025,Business Card,13.87
ORDER00384,CUST0014,11/19/2025,Canvas Print,38.76
ORDER00672,CUST0233,11/19/2025,Canvas Print,46.12
ORDER00988,CUST0069,11/19/2025,Business Card,10.18
ORDER00007,CUST0172,11/20/2025,Business Card,12.76
ORDER00045,CUST0288,11/20/2025,Flyer,11.63
ORDER00026,CUST0267,11/21/2025,Canvas Print,47.17
ORDER00308,CUST0113,11/21/2025,Poster,13.68
ORDER00847,CUST0005,11/21/2025,Poster,12.3
ORDER00483,CUST0226,11/22/2025,Business Card,12.51
ORDER00748,CUST0295,11/22/2025,Greeting Card,4.86
ORDER00581,CUST0026,11/24/2025,Flyer,9.51
ORDER00915,CUST0271,11/24/2025,Greeting Card,5
ORDER00919,CUST0117,11/24/2025,Poster,14.52
ORDER00376,CUST0007,11/25/2025,Canvas Print,46.89
ORDER00873,CUST0169,11/25/2025,Poster,16.21
ORDER00978,CUST0050,11/25/2025,Poster,16.44
ORDER00317,CUST0246,11/26/2025,Greeting Card,4.2
ORDER00110,CUST0111,11/27/2025,Poster,15.59
ORDER00165,CUST0063,11/27/2025,Canvas Print,33.62
ORDER00697,CUST0084,11/27/2025,Greeting Card,4.54
ORDER00887,CUST0279,11/27/2025,Greeting Card,5.19
ORDER00907,CUST0221,11/27/2025,Poster,17.49
ORDER00150,CUST0025,11/28/2025,Greeting Card,4.79
ORDER00615,CUST0027,11/28/2025,Greeting Card,5.95
ORDER00802,CUST0204,11/29/2025,Greeting Card,4.21
ORDER00960,CUST0118,11/30/2025,Greeting Card,5.81
ORDER00115,CUST0127,12/02/2025,Flyer,8.69
ORDER00306,CUST0011,12/02/2025,Poster,14.39
ORDER00508,CUST0289,12/02/2025,Business Card,10.93
ORDER00762,CUST0100,12/03/2025,Greeting Card,5
ORDER00815,CUST0001,12/03/2025,Greeting Card,5.1
ORDER00855,CUST0145,12/03/2025,Poster,15.7
ORDER00928,CUST0275,12/03/2025,Photo Book,22.1
ORDER00059,CUST0067,12/04/2025,Canvas Print,45.5
ORDER00124,CUST0267,12/04/2025,Business Card,11.75
ORDER00327,CUST0154,12/04/2025,Flyer,8.84
ORDER00524,CUST0007,12/04/2025,Poster,13.38
ORDER00709,CUST0243,12/04/2025,Poster,13.03
ORDER00151,CUST0180,12/05/2025,Business Card,12.12
ORDER00382,CUST0103,12/05/2025,Greeting Card,5.81
ORDER00546,CUST0017,12/05/2025,Greeting Card,4.78
ORDER00963,CUST0220,12/05/2025,Poster,14.09
ORDER00268,CUST0109,12/06/2025,Flyer,8.01
ORDER00338,CUST0039,12/06/2025,Photo Book,20.34
ORDER00552,CUST0224,12/06/2025,Photo Book,29.53
ORDER00311,CUST0232,12/07/2025,Greeting Card,4.61
ORDER00996,CUST0150,12/07/2025,Flyer,9.07
ORDER00250,CUST0215,12/08/2025,Business Card,11.05
ORDER00373,CUST0250,12/08/2025,Poster,14.04
ORDER00477,CUST0267,12/08/2025,Canvas Print,42.61
ORDER00586,CUST0039,12/08/2025,Canvas Print,34.85
ORDER00638,CUST0214,12/08/2025,Greeting Card,5.09
ORDER00766,CUST0014,12/08/2025,Photo Book,28.51
ORDER00909,CUST0153,12/08/2025,Flyer,8.14
ORDER00961,CUST0277,12/09/2025,Flyer,8.31
ORDER00091,CUST0095,12/10/2025,Greeting Card,5.44
ORDER00109,CUST0210,12/10/2025,Greeting Card,5.78
ORDER00700,CUST0003,12/10/2025,Business Card,12.62
ORDER00137,CUST0063,12/11/2025,Greeting Card,5.09
ORDER00589,CUST0157,12/11/2025,Photo Book,22.54
ORDER00933,CUST0239,12/11/2025,Business Card,14.04
ORDER00516,CUST0169,12/12/2025,Canvas Print,37.4
ORDER00821,CUST0161,12/12/2025,Flyer,8.27
ORDER00071,CUST0254,12/13/2025,Greeting Card,5.76
ORDER00167,CUST0049,12/13/2025,Flyer,10.12
ORDER00517,CUST0269,12/13/2025,Business Card,13.08
ORDER00657,CUST0088,12/13/2025,Greeting Card,4.93
ORDER00161,CUST0084,12/14/2025,Greeting Card,4.01
ORDER00334,CUST0061,12/15/2025,Poster,15.5
ORDER00708,CUST0025,12/15/2025,Photo Book,27.08
ORDER00854,CUST0114,12/15/2025,Greeting Card,5.45
ORDER00422,CUST0003,12/16/2025,Flyer,10.92
ORDER00471,CUST0227,12/16/2025,Poster,14.05
ORDER00673,CUST0077,12/16/2025,Canvas Print,32.83
ORDER00862,CUST0147,12/16/2025,Canvas Print,46.24
ORDER00991,CUST0108,12/16/2025,Photo Book,21.18
ORDER00116,CUST0106,12/17/2025,Canvas Print,42.21
ORDER00453,CUST0262,12/17/2025,Photo Book,22.67
ORDER00870,CUST0063,12/17/2025,Greeting Card,4.46
ORDER00030,CUST0291,12/18/2025,Flyer,10.71
ORDER00329,CUST0201,12/18/2025,Flyer,9.61
ORDER00062,CUST0015,12/19/2025,Business Card,11.7
ORDER00037,CUST0089,12/20/2025,Business Card,11.87
ORDER00314,CUST0055,12/20/2025,Canvas Print,41.23
ORDER00395,CUST0015,12/20/2025,Poster,13.53
ORDER00757,CUST0040,12/20/2025,Poster,16.85
ORDER00805,CUST0044,12/20/2025,Greeting Card,5.11
ORDER00841,CUST0126,12/20/2025,Business Card,10.62
ORDER00143,CUST0210,12/21/2025,Photo Book,25.79
ORDER00198,CUST0178,12/21/2025,Canvas Print,47.53
ORDER00576,CUST0029,12/21/2025,Business Card,13.27
ORDER00055,CUST0104,12/22/2025,Canvas Print,40.59
ORDER00086,CUST0261,12/22/2025,Flyer,10.87
ORDER00216,CUST0120,12/22/2025,Photo Book,25.83
ORDER00413,CUST0245,12/22/2025,Canvas Print,44.33
ORDER00582,CUST0226,12/22/2025,Poster,15.31
ORDER00749,CUST0243,12/22/2025,Greeting Card,4.62
ORDER00817,CUST0035,12/22/2025,Business Card,10.29
ORDER00065,CUST0289,12/23/2025,Canvas Print,32.71
ORDER00210,CUST0264,12/23/2025,Photo Book,25.07
ORDER00278,CUST0017,12/23/2025,Greeting Card,5.53
ORDER00356,CUST0081,12/23/2025,Flyer,11.67
ORDER00410,CUST0227,12/23/2025,Poster,14.86
ORDER00679,CUST0090,12/23/2025,Flyer,11.04
ORDER00774,CUST0130,12/23/2025,Flyer,8.77
ORDER00039,CUST0042,12/24/2025,Greeting Card,4.54
ORDER00866,CUST0069,12/25/2025,Greeting Card,5.63
ORDER00884,CUST0102,12/25/2025,Business Card,11.3
ORDER00585,CUST0099,12/26/2025,Canvas Print,44.93
ORDER00357,CUST0215,12/27/2025,Business Card,13.06
ORDER00403,CUST0034,12/27/2025,Greeting Card,4.95
ORDER00437,CUST0062,12/27/2025,Canvas Print,32.69
ORDER00445,CUST0148,12/27/2025,Flyer,11.64
ORDER00645,CUST0277,12/27/2025,Business Card,11.35
ORDER00656,CUST0179,12/27/2025,Photo Book,25.16
ORDER00031,CUST0213,12/28/2025,Poster,12.79
ORDER00263,CUST0278,12/29/2025,Flyer,10.37
ORDER00414,CUST0236,12/29/2025,Business Card,9.61
ORDER00839,CUST0294,12/30/2025,Canvas Print,39.19
ORDER00871,CUST0073,12/30/2025,Canvas Print,40.75
ORDER00117,CUST0092,12/31/2025,Photo Book,27.41
ORDER00162,CUST0177,12/31/2025,Canvas Print,38.17
ORDER00562,CUST0012,12/31/2025,Greeting Card,5.46
ORDER00974,CUST0049,12/31/2025,Greeting Card,5.44
